Type,Name,Request Count,Failure Count,Median Response Time,Average Response Time,Min Response Time,Max Response Time,Average Content Size,Requests/s,Failures/s,50%,66%,75%,80%,90%,95%,98%,99%,99.9%,99.99%,100%
GET,/produto/1,210930,198364,2600,2565.795390659092,44.3686000071466,17175.323499948718,1.3106338595742664,302.94507517496015,284.8973445787977,2600,2700,2800,2900,3100,3200,3300,3400,16000,17000,17000
,Aggregated,210930,198364,2600,2565.795390659092,44.3686000071466,17175.323499948718,1.3106338595742664,302.94507517496015,284.8973445787977,2600,2700,2800,2900,3100,3200,3300,3400,16000,17000,17000
